[
  {
    "sort": 0,
    "title": "Apache firewall",
    "tip": "lib",
    "name": "btwaf_httpd",
    "type": "aaPanel plugin",
    "ps": "Effectively prevent sql injection/xss/In a word, Trojan and other common penetration attacks currently only support Apache2.4<span class=\"color-red\"> </span><a href=\"https://www.bt.cn/bbs/thread-13647-1-1.html\" target=\"_blank\" class=\"btlink\"> >>usinghelp</a>",
    "versions": "1.0",
    "shell": "btwaf_httpd.sh",
    "checks": "/www/server/panel/plugin/btwaf_httpd",
    "author": "aaPanel",
    "home": "https://forum.aapanel.com",
    "date": "2018-05-21",
    "id": 4,
    "pid": 33,
    "default": false,
    "price": 19.8,
    "display": 0,
    "product_id": "100000012"
  },
  {
    "sort": 0,
    "title": "Website firewall",
    "tip": "lib",
    "name": "btwaf",
    "type": "aaPanel plugin",
    "ps": "Effective against sql injection /xss/ one-sentence Trojan and other common penetration attacks, currently only supports nginx<span class=\"color-red\"></span><a href=\"https://www.bt.cn/bbs/thread-13647-1-1.html\" target=\"_blank\" class=\"btlink\"> >>usinghelp</a>",
    "versions": "2.3",
    "shell": "btwaf.sh",
    "checks": "/www/server/panel/plugin/btwaf",
    "author": "aaPanel",
    "home": "https://forum.aapanel.com",
    "date": "2018-05-21",
    "id": 4,
    "pid": 31,
    "default": false,
    "price": 19.8,
    "display": 0,
    "product_id": "100000010"
  },
  {
    "sort": 0,
    "title": "load_balance",
    "tip": "lib",
    "name": "load_leveling",
    "type": "aaPanel plugin",
    "ps": "Based on nginx load balancing, panels installed before 04/25 need to reinstall nginx to work normally<span class=\"color-red\"></span><a href=\"https://www.bt.cn/bbs/thread-13074-1-1.html\" target=\"_blank\" class=\"btlink\"> >>usinghelp</a>",
    "versions": "1.0",
    "shell": "load_leveling.sh",
    "checks": "/www/server/panel/plugin/load_leveling",
    "author": "aaPanel",
    "home": "https://forum.aapanel.com",
    "date": "2018-05-02",
    "id": 4,
    "pid": 30,
    "default": false,
    "price": 19.8,
    "display": 0,
    "product_id": "100000009"
  },
  {
    "sort": 0,
    "title": "MySQL master-slave replication",
    "tip": "lib",
    "name": "masterslave",
    "type": "aaPanel plugin",
    "ps": "Easy to implement MySQL master-slave replication, master-master replication<span class=\"color-red\"></span><a href=\"https://www.bt.cn/bbs/thread-13090-1-1.html\" target=\"_blank\" class=\"btlink\"> >>usinghelp</a>",
    "versions": "1.1",
    "shell": "masterslave.sh",
    "checks": "/www/server/panel/plugin/masterslave",
    "author": "aaPanel",
    "home": "https://forum.aapanel.com",
    "date": "2018-04-26",
    "id": 4,
    "pid": 29,
    "default": false,
    "price": 4.8,
    "display": 0,
    "product_id": "100000008"
  },
  {
    "sort": 0,
    "title": "task manager",
    "tip": "lib",
    "name": "task_manager",
    "type": "aaPanel plugin",
    "ps": "Easily manage processes, startup items, users, services, scheduled tasks, sessions<span class=\"color-red\"></span><a href=\"https://www.bt.cn/bbs/thread-12682-1-1.html\" target=\"_blank\" class=\"btlink\"> >>usinghelp</a>",
    "versions": "1.1",
    "shell": "task_manager.sh",
    "checks": "/www/server/panel/plugin/task_manager",
    "author": "aaPanel",
    "home": "https://forum.aapanel.com",
    "date": "2018-04-18",
    "id": 4,
    "pid": 28,
    "default": false,
    "price": 4.8,
    "display": 0,
    "product_id": "100000007"
  },
  {
    "sort": 0,
    "title": "WeChat Mini Program",
    "tip": "lib",
    "name": "app",
    "type": "aaPanel plugin",
    "ps": "aaPanel applet provides server monitoring and security scanning code login panel<span class=\"color-red\"></span><a href=\"https://www.bt.cn/bbs/thread-12427-1-1.html\" target=\"_blank\" class=\"btlink\"> >>usinghelp</a>",
    "versions": "1.7",
    "shell": "app.sh",
    "checks": "/www/server/panel/plugin/app",
    "author": "aaPanel",
    "home": "https://forum.aapanel.com",
    "date": "2018-04-08",
    "id": 4,
    "pid": 27,
    "default": false,
    "price": 4.8,
    "display": 0,
    "product_id": "100000001"
  },
  {
    "sort": 0,
    "title": "Data synchronization tool",
    "tip": "lib",
    "name": "rsync",
    "type": "aaPanel plugin",
    "ps": "Data synchronization tool based on rsync <span class=\"color-red\"></span><a href=\"https://www.bt.cn/bbs/thread-11231-1-1.html\" target=\"_blank\" class=\"btlink\"> >>usinghelp</a>",
    "versions": "2.3",
    "shell": "rsync.sh",
    "checks": "/www/server/panel/plugin/rsync",
    "author": "aaPanel",
    "home": "https://forum.aapanel.com",
    "date": "2018-02-28",
    "id": 4,
    "pid": 26,
    "default": false,
    "price": 4.8,
    "display": 0,
    "product_id": "100000005"
  },
  {
    "sort": 1,
    "ps": "Lightweight, occupy less memory, concurrency is strong",
    "shell": "nginx.sh",
    "name": "nginx",
    "title": "Nginx",
    "default": false,
    "pid": 1,
    "versions": "1.14,1.12,1.8,-Tengine2.2,openresty",
    "update": "1.14.0,1.12.2,1.8.1,-Tengine2.2.2,openresty",
    "tip": "soft",
    "checks": "/www/server/nginx/sbin/nginx",
    "display": 1,
    "author": "nginx.org",
    "date": "2017-04-01",
    "home": "https://www.nginx.org",
    "type": "WebServer",
    "price": 0,
    "id": 1
  },
  {
    "sort": 2,
    "ps": "1 in the world, fast, reliable, and extensible with a simple API",
    "shell": "httpd.sh",
    "name": "apache",
    "title": "Apache",
    "default": false,
    "pid": 2,
    "versions": "2.4,2.2",
    "update": "2.4.33,2.2.34",
    "tip": "soft",
    "checks": "/www/server/apache/bin/httpd",
    "display": 1,
    "author": "APACHE",
    "date": "2017-04-01",
    "home": "http://www.apache.org",
    "type": "WebServer",
    "price": 0,
    "id": 1
  },
  {
    "sort": 3,
    "ps": "MySQL is a relational database management system!",
    "shell": "mysql.sh",
    "name": "mysql",
    "title": "MySQL",
    "default": false,
    "pid": 3,
    "versions": "5.1,5.5,5.6,5.7,AliSQL,mariadb_10.0,mariadb_10.1,mariadb_10.2",
    "update": "5.1.73,5.5.60,5.6.40,5.7.22,AliSQL 5.6.32,mariadb_10.0.35,mariadb_10.1.33,mariadb_10.2.15",
    "tip": "soft",
    "checks": "/www/server/mysql/bin/mysql,/www/server/mysql/bin/mysqldump",
    "display": 1,
    "author": "Oracle",
    "date": "2017-04-01",
    "home": "https://www.mysql.com",
    "type": "SQLdatabase",
    "price": 0,
    "id": 1
  },
  {
    "sort": 4,
    "ps": "PureFTPd is a free FTP server software that focuses on program robustness and software security",
    "shell": "pure-ftpd.sh",
    "name": "pure-ftpd",
    "title": "Pure-Ftpd",
    "default": false,
    "pid": 4,
    "versions": "1.0.47",
    "update": "1.0.47",
    "tip": "soft",
    "checks": "/www/server/pure-ftpd/bin/pure-pw",
    "display": 1,
    "author": "Pure-Ftpd",
    "date": "2017-04-01",
    "home": "https://www.pureftpd.org",
    "type": "FTPServer",
    "price": 0,
    "id": 1
  },
  {
    "sort": 5,
    "ps": "The first choice for developing and debugging JSP programs",
    "shell": "tomcat.sh",
    "name": "tomcat",
    "title": "Tomcat",
    "default": false,
    "pid": 5,
    "versions": "7,8,9",
    "update": "7.0.76,8.5.12,9.0.0.M18",
    "tip": "soft",
    "checks": "/www/server/tomcat/bin/catalina.sh",
    "display": 1,
    "author": "APACHE",
    "date": "2017-04-01",
    "home": "https://www.apache.org",
    "type": "The language interpreter",
    "price": 0,
    "id": 1
  },
  {
    "sort": 6,
    "ps": "MySQL administration tool on the Web",
    "shell": "phpmyadmin.sh",
    "name": "phpmyadmin",
    "title": "phpMyAdmin",
    "default": false,
    "pid": 6,
    "versions": "4.0,4.4,4.6,4.7,4.8",
    "update": "4.0,4.4,4.6,4.7,4.8",
    "tip": "soft",
    "checks": "/www/server/phpmyadmin/version.pl",
    "display": 1,
    "author": "phpMyAdmin",
    "date": "2017-04-01",
    "home": "https://www.phpmyadmin.net",
    "type": "data base tool",
    "price": 0,
    "id": 2
  },
  {
    "sort": 7,
    "ps": "PHP is the best programming language in the world",
    "shell": "php.sh",
    "name": "php",
    "title": "PHP",
    "default": false,
    "pid": 7,
    "versions": "5.2,5.3,5.4,5.5,5.6,7.0,7.1,7.2",
    "update": "5.2.17,5.3.29,5.4.45,5.5.38,5.6.36,7.0.30,7.1.19,7.2.7",
    "tip": "soft",
    "checks": "/www/server/php/VERSION/bin/php",
    "display": 1,
    "author": "Zend",
    "date": "2017-04-01",
    "home": "https://www.php.net",
    "type": "The language interpreter",
    "price": 0,
    "id": 1
  },
  {
    "sort": 8,
    "ps": "Quickly deploy commonly used applications!",
    "shell": "deployment.sh",
    "name": "deployment",
    "title": "aaPanel one key deployment source code",
    "default": false,
    "pid": 18,
    "versions": "1.1",
    "tip": "lib",
    "checks": "/www/server/panel/plugin/deployment",
    "display": 1,
    "author": "aaPanel",
    "date": "2017-07-26",
    "home": "https://forum.aapanel.com",
    "type": "extend",
    "price": 0,
    "id": 3
  },
  {
    "pid": 9,
    "title": "aaPanel operation and maintenance",
    "tip": "lib",
    "name": "btyw",
    "type": "aaPanel panel",
    "id": 3,
    "sort": 9,
    "ps": "One-to-one technical service, promise if the solution is not good, the money will be returned in full amount immediately, please rest assured to consult after payment.",
    "versions": "1.0",
    "shell": "btyw.sh",
    "checks": "/www/server/panel/plugin/btyw",
    "author": "aaPanel",
    "home": "https://www.bt.cn/yunwei",
    "date": "2017-10-18",
    "default": false,
    "price": 0,
    "display": 1
  },
  {
    "pid": 24,
    "title": "aaPanel secure login",
    "tip": "lib",
    "name": "safelogin",
    "type": "aaPanel panel",
    "id": 3,
    "sort": 9,
    "ps": "aaPanel Enterprise edition security login plug-in",
    "versions": "1.3",
    "shell": "safelogin.sh",
    "checks": "/www/server/panel/plugin/safelogin",
    "author": "aaPanel",
    "home": "https://www.bt.cn/yunwei",
    "date": "2017-10-18",
    "default": false,
    "price": 0,
    "display": 1
  },
  {
    "pid": 25,
    "title": "Cloud analysis",
    "tip": "lib",
    "name": "dns",
    "type": "aaPanel panel",
    "id": 3,
    "sort": 9,
    "ps": "Provide 200000Q/S domain name DNS cloud resolution service",
    "versions": "1.1",
    "shell": "dns.sh",
    "checks": "/www/server/panel/plugin/dns",
    "author": "aaPanel",
    "home": "https://forum.aapanel.com",
    "date": "2017-12-25",
    "default": false,
    "price": 0,
    "display": 0
  },
  {
    "sort": 10,
    "title": "Take cloud storage again",
    "tip": "lib",
    "name": "upyun",
    "type": "extend",
    "ps": "And cloud object storage, aaPanel users the first month free 200G flow + the first recharge 10% discount<a href='https://console.upyun.com/register/?invite=B1bZJtIYb' target='_blank' class='btlink'> [Click to apply]</a>",
    "versions": "1.1",
    "shell": "upyun.sh",
    "pid": 18,
    "checks": "/www/server/panel/plugin/upyun",
    "author": "aaPanel",
    "home": "https://forum.aapanel.com",
    "date": "2017-09-16",
    "default": false,
    "display": 0,
    "price": 0,
    "id": 2
  },
  {
    "sort": 11,
    "ps": "Package and back up your website or database to FTP storage",
    "shell": "ftp.sh",
    "name": "ftp",
    "title": "FTP Storage space",
    "default": false,
    "pid": 10,
    "versions": "1.6",
    "tip": "lib",
    "checks": "/www/server/panel/plugin/ftp",
    "display": 1,
    "author": "aaPanel",
    "date": "2017-02-03",
    "home": "https://forum.aapanel.com",
    "type": "cron",
    "price": 0,
    "id": 2
  },
  {
    "sort": 12,
    "ps": "Apply for the qualification of the closed test, after the audit is completed, you will get the update push of the closed test version, and you can participate in the discussion in the special section of the aaPanel forum",
    "shell": "beta.sh",
    "name": "beta",
    "title": "Apply for private testing",
    "default": false,
    "pid": 11,
    "versions": "1.2",
    "tip": "lib",
    "checks": "/www/server/panel/data/beta.pl,/www/server/panel/plugin/beta/config.conf",
    "display": 1,
    "author": "aaPanel",
    "date": "2017-02-01",
    "home": "http://www.bt.cn/bbs/thread-1392-1-1.html",
    "type": "other",
    "price": 0,
    "id": 3
  },
  {
    "sort": 13,
    "ps": "Monitor PHP-FPM running status to prevent 502 error in large batches",
    "shell": "phpguard.sh",
    "name": "phpguard",
    "title": "PHP Guardian",
    "default": false,
    "pid": 12,
    "versions": "1.2",
    "tip": "lib",
    "checks": "/www/server/panel/data/502Task.pl,/www/server/panel/plugin/phpguard",
    "display": 1,
    "author": "aaPanel",
    "date": "2017-02-01",
    "home": "https://forum.aapanel.com",
    "type": "other",
    "price": 0,
    "id": 3
  },
  {
    "sort": 14,
    "ps": "Test server base performance!",
    "shell": "score.sh",
    "name": "score",
    "title": "aaPanel run points",
    "default": false,
    "pid": 13,
    "versions": "1.3",
    "tip": "lib",
    "checks": "/www/server/panel/plugin/score",
    "display": 1,
    "author": "aaPanel",
    "date": "2017-05-10",
    "home": "https://forum.aapanel.com",
    "type": "other",
    "price": 0,
    "id": 3
  },
  {
    "sort": 15,
    "ps": "Linux system tools, configure DNS, Swap, time zone, IP configuration, memory disk!",
    "shell": "linuxsys.sh",
    "name": "linuxsys",
    "title": "Linux Toolbox",
    "default": false,
    "pid": 14,
    "versions": "1.4",
    "tip": "lib",
    "checks": "/www/server/panel/plugin/linuxsys",
    "display": 1,
    "author": "aaPanel",
    "date": "2018-01-22",
    "home": "https://forum.aapanel.com",
    "type": "system tools",
    "price": 0,
    "id": 2
  },
  {
    "sort": 16,
    "ps": "Redis is a high-performance key-value database (To connect to redis using PHP, you need to install the redis extension in your PHP Settings)",
    "shell": "redis_soft.sh",
    "name": "redis",
    "title": "Redis",
    "default": false,
    "pid": 15,
    "versions": "4.0",
    "update": "4.0.9",
    "tip": "soft",
    "checks": "/www/server/redis/runtest",
    "display": 0,
    "author": "redis",
    "date": "2017-06-21",
    "home": "https://redis.io",
    "type": "General purpose buffer",
    "price": 0,
    "id": 1
  },
  {
    "sort": 17,
    "ps": "Memcached is a high performance distributed memory object caching system",
    "shell": "memcached_soft.sh",
    "name": "memcached",
    "title": "Memcached",
    "default": false,
    "pid": 16,
    "versions": "1.5",
    "update": "1.5.6",
    "tip": "soft",
    "checks": "/usr/local/memcached/bin/memcached",
    "display": 1,
    "author": "Memcached",
    "date": "2017-06-21",
    "home": "http://memcached.org/",
    "type": "General purpose buffer",
    "price": 0,
    "id": 1
  },
  {
    "sort": 18,
    "ps": "Webhooks, which set callback scripts, typically used for third-party callback notifications!",
    "shell": "webhook.sh",
    "name": "webhook",
    "title": "aaPanel WebHook",
    "default": false,
    "pid": 17,
    "versions": "1.0",
    "tip": "lib",
    "checks": "/www/server/panel/plugin/webhook",
    "display": 0,
    "author": "aaPanel",
    "date": "2017-07-12",
    "home": "https://www.bt.cn/bbs",
    "type": "extend",
    "price": 0,
    "id": 3
  },
  {
    "sort": 19,
    "ps": "GitLab Chinese community edition, currently only supports Centos6/7 64-bit system, memory less than 2GB machine do not install!",
    "shell": "gitlab.sh",
    "name": "gitlab",
    "title": "GitLab",
    "default": false,
    "pid": 19,
    "versions": "8.8.5",
    "tip": "soft",
    "checks": "/opt/gitlab/embedded/service/gitlab-rails/Gemfile",
    "display": 0,
    "author": "aaPanel",
    "date": "2017-08-07",
    "home": "https://forum.aapanel.com",
    "type": "common software",
    "price": 0,
    "id": 1
  },
  {
    "sort": 20,
    "ps": "Quickly migrate panel data!",
    "shell": "psync.sh",
    "name": "psync",
    "title": "aaPanel one click migration",
    "default": false,
    "pid": 20,
    "versions": "1.1",
    "tip": "lib",
    "checks": "/www/server/panel/plugin/psync/psync_main.py",
    "display": 0,
    "author": "aaPanel",
    "date": "2017-08-16",
    "home": "https://forum.aapanel.com",
    "type": "system tools",
    "price": 0,
    "id": 3
  },
  {
    "sort": 6,
    "ps": "node.js manager, built-in node.js + npm + nvm + pm2.!",
    "shell": "pm2.sh",
    "name": "pm2",
    "title": "PM2 manager",
    "default": false,
    "pid": 21,
    "versions": "2.6.1",
    "tip": "soft",
    "checks": "/www/server/panel/plugin/pm2/pm2_main.py",
    "display": 0,
    "author": "aaPanel",
    "date": "2017-09-12",
    "home": "https://forum.aapanel.com",
    "type": "integrated environment",
    "price": 0,
    "id": 1
  },
  {
    "sort": 21,
    "ps": "Package and backup the website or database to Qiniu object storage space. Qiniu provides 10GB free storage space, <a class='link' href='https://portal.qiniu.com/signup?code=3liz7nbopjd5e' target='_blank'>Click to apply</a>",
    "shell": "qiniu.sh",
    "name": "qiniu",
    "title": "Qiniu Cloud",
    "default": false,
    "pid": 22,
    "versions": "1.5",
    "tip": "lib",
    "checks": "/usr/lib/python2.6/site-packages/qiniu/auth.py,/usr/local/lib/python2.6/dist-packages/qiniu/auth.py,/usr/lib/python2.7/site-packages/qiniu/auth.py,/usr/local/lib/python2.7/dist-packages/qiniu/auth.py",
    "display": 0,
    "author": "aaPanel",
    "date": "2017-02-01",
    "home": "http://www.bt.cn/bbs/thread-839-1-1.html",
    "type": "cron",
    "price": 0,
    "id": 2
  },
  {
    "sort": 22,
    "ps": "Package and backup the website or database to Ali Cloud OSS object storage space, <a class='link' href='https://www.aliyun.com/product/oss?spm=5176.8142029.388261.46.psCRgl' target='_blank'>Click to apply</a>",
    "shell": "alioss.sh",
    "name": "alioss",
    "title": "Aliyun OSS",
    "default": false,
    "pid": 23,
    "versions": "1.2",
    "tip": "lib",
    "checks": "/usr/lib/python2.6/site-packages/oss2/auth.py,/usr/local/lib/python2.6/dist-packages/oss2/auth.py,/usr/lib/python2.7/site-packages/oss2/auth.py,/usr/local/lib/python2.7/dist-packages/oss2/auth.py",
    "display": 0,
    "author": "aaPanel",
    "date": "2017-02-02",
    "home": "http://www.bt.cn/bbs/thread-1061-1-1.html",
    "type": "cron",
    "price": 0,
    "id": 2
  },
  {
    "sort": 23,
    "title": "Docker Manager (Beta)",
    "tip": "soft",
    "name": "docker",
    "type": "extend",
    "ps": "Docker Is an open source application container engine (currently only supports Centos, does not support OpenVZ platform)",
    "versions": "1.0",
    "shell": "docker.sh",
    "checks": "/www/server/panel/plugin/docker",
    "author": "aaPanel",
    "home": "https://forum.aapanel.com",
    "date": "2017-10-25",
    "default": false,
    "pid": 24,
    "id": 1,
    "price": 0,
    "display": 0
  },
  {
    "sort": 26,
    "title": "MongoDB",
    "tip": "soft",
    "name": "mongodb",
    "type": "database",
    "ps": "Database based on distributed file storage aims to provide a scalable and high-performance data storage solution for WEB applications!",
    "versions": "3.6.3",
    "shell": "rsync.sh",
    "checks": "/www/server/panel/plugin/mongodb",
    "author": "aaPanel",
    "home": "https://forum.aapanel.com",
    "date": "2018-02-28",
    "id": 1,
    "pid": 27,
    "default": false,
    "price": 0,
    "display": 0
  }
]
